imageId,building,floor,count,wifi_total,wifi_valid,SEA_count,SEB_count,SEC_count,SEA_wifi_valid,SEB_wifi_valid,SEC_wifi_valid,SEA_wifi_share_pct,SEB_wifi_share_pct,SEC_wifi_share_pct,x_min,x_max,y_min,y_max
2131165297,SEC,3,1111,250437,250437,280,369,462,61951,89252,99234,24.74,35.64,39.62,0.0,98.31648254394531,0.0,95.9297866821289
2131165301,SEC,4,411,77820,77820,0,0,411,0,0,77820,0.00,0.00,100.00,0.0,93.60863494873047,0.0,90.39826202392578
2131165302,SEC,5,207,43727,43727,0,0,207,0,0,43727,0.00,0.00,100.00,13.282899856567383,87.99209594726562,41.56403732299805,87.51101684570312
2131165296,SEA,2,913,212310,212310,492,297,124,96985,74433,40892,45.68,35.06,19.26,0.0,93.48053741455078,0.0,89.64888000488281
2131165295,SEA,1,805,224183,224183,445,265,95,98941,89209,36033,44.13,39.79,16.07,0.0,90.79803466796875,0.0,88.41331481933594
2131165298,SEA,4,123,36602,36602,123,0,0,36602,0,0,100.00,0.00,0.00,15.417096138000488,94.06364440917969,38.828025817871094,76.60122680664062
2131165299,SEA,5,135,19209,19209,135,0,0,19209,0,0,100.00,0.00,0.00,0.0,94.12532806396484,0.0,90.06326293945312
2131165300,SEB,4,223,59999,59999,0,223,0,0,59999,0,0.00,100.00,0.00,0.0,96.10516357421875,0.0,80.00587463378906
