{
  "total_images": 8,
  "total_points": 3928,
  "total_wifi_rssi": 924287,
  "valid_wifi_rssi": 924287,
  "points_with_wifi": 3684,
  "images": [
    {
      "imageId": "2131165297",
      "building": "SEC",
      "floor": 3,
      "count": 1111,
      "wifi_total": 250437,
      "wifi_valid": 250437,
      "building_breakdown": {
        "SEC": 462,
        "SEB": 369,
        "SEA": 280
      },
      "building_wifi_valid_counts": {
        "SEA": 61951,
        "SEB": 89252,
        "SEC": 99234
      },
      "building_wifi_shares_percent": {
        "SEA": 24.737159445289635,
        "SEB": 35.63850389519121,
        "SEC": 39.62433665951916
      },
      "x_min": 0.0,
      "x_max": 98.31648254394531,
      "y_min": 0.0,
      "y_max": 95.9297866821289
    },
    {
      "imageId": "2131165301",
      "building": "SEC",
      "floor": 4,
      "count": 411,
      "wifi_total": 77820,
      "wifi_valid": 77820,
      "building_breakdown": {
        "SEC": 411
      },
      "building_wifi_valid_counts": {
        "SEA": 0,
        "SEB": 0,
        "SEC": 77820
      },
      "building_wifi_shares_percent": {
        "SEA": 0.0,
        "SEB": 0.0,
        "SEC": 100.0
      },
      "x_min": 0.0,
      "x_max": 93.60863494873047,
      "y_min": 0.0,
      "y_max": 90.39826202392578
    },
    {
      "imageId": "2131165302",
      "building": "SEC",
      "floor": 5,
      "count": 207,
      "wifi_total": 43727,
      "wifi_valid": 43727,
      "building_breakdown": {
        "SEC": 207
      },
      "building_wifi_valid_counts": {
        "SEA": 0,
        "SEB": 0,
        "SEC": 43727
      },
      "building_wifi_shares_percent": {
        "SEA": 0.0,
        "SEB": 0.0,
        "SEC": 100.0
      },
      "x_min": 13.282899856567383,
      "x_max": 87.99209594726562,
      "y_min": 41.56403732299805,
      "y_max": 87.51101684570312
    },
    {
      "imageId": "2131165296",
      "building": "SEA",
      "floor": 2,
      "count": 913,
      "wifi_total": 212310,
      "wifi_valid": 212310,
      "building_breakdown": {
        "SEB": 297,
        "SEA": 492,
        "SEC": 124
      },
      "building_wifi_valid_counts": {
        "SEA": 96985,
        "SEB": 74433,
        "SEC": 40892
      },
      "building_wifi_shares_percent": {
        "SEA": 45.68084404879657,
        "SEB": 35.05864066694927,
        "SEC": 19.260515284254158
      },
      "x_min": 0.0,
      "x_max": 93.48053741455078,
      "y_min": 0.0,
      "y_max": 89.64888000488281
    },
    {
      "imageId": "2131165295",
      "building": "SEA",
      "floor": 1,
      "count": 805,
      "wifi_total": 224183,
      "wifi_valid": 224183,
      "building_breakdown": {
        "SEA": 445,
        "SEC": 95,
        "SEB": 265
      },
      "building_wifi_valid_counts": {
        "SEA": 98941,
        "SEB": 89209,
        "SEC": 36033
      },
      "building_wifi_shares_percent": {
        "SEA": 44.13403335667736,
        "SEB": 39.792937020202245,
        "SEC": 16.073029623120398
      },
      "x_min": 0.0,
      "x_max": 90.79803466796875,
      "y_min": 0.0,
      "y_max": 88.41331481933594
    },
    {
      "imageId": "2131165298",
      "building": "SEA",
      "floor": 4,
      "count": 123,
      "wifi_total": 36602,
      "wifi_valid": 36602,
      "building_breakdown": {
        "SEA": 123
      },
      "building_wifi_valid_counts": {
        "SEA": 36602,
        "SEB": 0,
        "SEC": 0
      },
      "building_wifi_shares_percent": {
        "SEA": 100.0,
        "SEB": 0.0,
        "SEC": 0.0
      },
      "x_min": 15.417096138000488,
      "x_max": 94.06364440917969,
      "y_min": 38.828025817871094,
      "y_max": 76.60122680664062
    },
    {
      "imageId": "2131165299",
      "building": "SEA",
      "floor": 5,
      "count": 135,
      "wifi_total": 19209,
      "wifi_valid": 19209,
      "building_breakdown": {
        "SEA": 135
      },
      "building_wifi_valid_counts": {
        "SEA": 19209,
        "SEB": 0,
        "SEC": 0
      },
      "building_wifi_shares_percent": {
        "SEA": 100.0,
        "SEB": 0.0,
        "SEC": 0.0
      },
      "x_min": 0.0,
      "x_max": 94.12532806396484,
      "y_min": 0.0,
      "y_max": 90.06326293945312
    },
    {
      "imageId": "2131165300",
      "building": "SEB",
      "floor": 4,
      "count": 223,
      "wifi_total": 59999,
      "wifi_valid": 59999,
      "building_breakdown": {
        "SEB": 223
      },
      "building_wifi_valid_counts": {
        "SEA": 0,
        "SEB": 59999,
        "SEC": 0
      },
      "building_wifi_shares_percent": {
        "SEA": 0.0,
        "SEB": 100.0,
        "SEC": 0.0
      },
      "x_min": 0.0,
      "x_max": 96.10516357421875,
      "y_min": 0.0,
      "y_max": 80.00587463378906
    }
  ]
}