imageId,building,floor,count,wifi_total,wifi_valid,SEA_count,SEB_count,SEC_count,SEA_wifi_valid,SEB_wifi_valid,SEC_wifi_valid,SEA_wifi_share_pct,SEB_wifi_share_pct,SEC_wifi_share_pct,x_min,x_max,y_min,y_max
2131165297,SEC,3,1161,267169,267169,305,381,475,69243,93290,104636,25.92,34.92,39.16,0.0,98.31648254394531,0.0,95.9297866821289
2131165301,SEC,4,435,83697,83697,0,0,435,0,0,83697,0.00,0.00,100.00,0.0,93.60863494873047,0.0,90.39826202392578
2131165302,SEC,5,228,48217,48217,0,0,228,0,0,48217,0.00,0.00,100.00,13.282899856567383,87.99209594726562,41.56403732299805,87.51101684570312
2131165296,SEA,2,979,233854,233854,519,313,147,105122,80072,48660,44.95,34.24,20.81,0.0,93.48053741455078,0.0,89.64888000488281
2131165295,SEA,1,913,257918,257918,497,303,113,110352,103678,43888,42.79,40.20,17.02,0.0,90.79803466796875,0.0,88.41331481933594
2131165298,SEA,4,149,44162,44162,149,0,0,44162,0,0,100.00,0.00,0.00,15.417096138000488,94.06364440917969,38.828025817871094,76.60122680664062
2131165299,SEA,5,164,22102,22102,164,0,0,22102,0,0,100.00,0.00,0.00,0.0,94.12532806396484,0.0,90.06326293945312
2131165300,SEB,4,250,69058,69058,0,250,0,0,69058,0,0.00,100.00,0.00,0.0,96.10516357421875,0.0,80.00587463378906
