imageId,building,floor,count,wifi_total,wifi_valid,SEA_count,SEB_count,SEC_count,SEA_wifi_valid,SEB_wifi_valid,SEC_wifi_valid,SEA_wifi_share_pct,SEB_wifi_share_pct,SEC_wifi_share_pct,x_min,x_max,y_min,y_max
2131165295,SEA,1,482,203055,203055,227,166,89,78818,83442,40795,38.82,41.09,20.09,12.398858070373535,90.61561584472656,12.71645736694336,88.41331481933594
2131165296,SEA,2,318,121279,121279,127,77,114,44881,32357,44041,37.01,26.68,36.31,20.86558723449707,93.48053741455078,18.83325958251953,89.62120056152344
2131165297,SEA,3,249,97945,97945,124,60,65,44135,23352,30458,45.06,23.84,31.10,23.275197982788086,92.86146545410156,18.696884155273438,94.34064483642578
2131165298,SEA,4,122,44979,44979,122,0,0,44979,0,0,100.00,0.00,0.00,15.417096138000488,88.79692840576172,43.00105285644531,76.60122680664062
2131165299,SEA,5,132,22558,22558,132,0,0,22558,0,0,100.00,0.00,0.00,23.033437728881836,85.91199493408203,56.188072204589844,75.8477783203125
2131165300,SEB,4,126,52163,52163,0,126,0,0,52163,0,0.00,100.00,0.00,19.283390045166016,90.3544692993164,45.721649169921875,77.7732162475586
2131165301,SEC,4,120,37065,37065,0,0,120,0,0,37065,0.00,0.00,100.00,28.22801971435547,89.43525695800781,50.31858825683594,88.87684631347656
2131165302,SEC,5,95,30215,30215,0,0,95,0,0,30215,0.00,0.00,100.00,18.232425689697266,76.36027526855469,49.25013732910156,63.762664794921875
