{
  "Baseline": {
    "test_mse": 9.083950996398926,
    "test_building_acc": 83.87096774193549,
    "test_floor_acc": 70.96774193548387,
    "test_final_score": 21.39979076385498
  },
  "CFNN2": {
    "test_mse": 9.743695259094238,
    "test_building_acc": 100.0,
    "test_floor_acc": 96.7741935483871,
    "test_final_score": 11.500930786132812
  },
  "HADNN2": {
    "test_mse": 9.51597785949707,
    "test_building_acc": 100.0,
    "test_floor_acc": 96.7741935483871,
    "test_final_score": 12.457005500793457
  },
  "HADNNh2": {
    "test_mse": 8.609101295471191,
    "test_building_acc": 100.0,
    "test_floor_acc": 93.54838709677419,
    "test_final_score": 12.086351871490479
  }
}