{
  "building_accuracy": 93.66336633663367,
  "floor_accuracy": 92.47524752475248,
  "mean_position_error": 0.6706390976905823,
  "median_position_error": 0.5823968648910522,
  "model_results": [
    1.092988133430481,
    0.2775823175907135,
    0.3591024577617645,
    0.36764267086982727,
    0.9366336464881897,
    0.9247524738311768
  ]
}