{
  "building_accuracy": 95.260663507109,
  "floor_accuracy": 85.30805687203792,
  "mean_position_error": 1.0524964332580566,
  "median_position_error": 1.059766411781311,
  "model_results": [
    1.9390136003494263,
    0.36004313826560974,
    0.7293334007263184,
    0.6822031140327454,
    0.9526066184043884,
    0.8530805706977844
  ]
}