{
  "building_accuracy": 95.260663507109,
  "floor_accuracy": 77.25118483412322,
  "mean_position_error": 1.1347484588623047,
  "median_position_error": 1.1124656200408936,
  "model_results": [
    2.1737492084503174,
    0.38776105642318726,
    0.8981401920318604,
    0.7730280160903931,
    0.9526066184043884,
    0.7725118398666382
  ]
}