{
  "building_accuracy": 92.70833333333334,
  "floor_accuracy": 90.97222222222221,
  "mean_position_error": 0.65898597240448,
  "median_position_error": 0.5531589984893799,
  "model_results": [
    1.0093885660171509,
    0.24226124584674835,
    0.38442757725715637,
    0.3627055883407593,
    0.9270833134651184,
    0.9097222089767456
  ]
}