{
  "building_accuracy": 93.43575418994413,
  "floor_accuracy": 94.83240223463687,
  "mean_position_error": 0.6150712370872498,
  "median_position_error": 0.4872060716152191,
  "model_results": [
    0.7340118288993835,
    0.19837838411331177,
    0.1885232776403427,
    0.338806688785553,
    0.9343575239181519,
    0.9483240246772766
  ]
}