{
    "n_rss": 392,
    "n_buildings": 3,
    "n_floors": 6,
    "num_examples": 128,
    "num_test_examples": 39,
    "lo_mean": 54.49087101676083,
    "lo_std": 18.133973488853403,
    "la_mean": 58.24524918593883,
    "la_std": 22.180662633196437,
    "buildings": [
        "sea",
        "seb",
        "sec"
    ],
    "floors": [
        0,
        1,
        2,
        3,
        4,
        5
    ]
}