{
  "building_accuracy": 100.0,
  "floor_accuracy": 100.0,
  "mean_position_error": 0.24122804403305054,
  "median_position_error": 0.1891936957836151,
  "model_results": [
    0.06520738452672958,
    5.650907496601576e-06,
    2.566566081441124e-06,
    0.04663621634244919,
    1.0,
    1.0
  ]
}