{
  "building_accuracy": 100.0,
  "floor_accuracy": 100.0,
  "mean_position_error": 0.2596582770347595,
  "median_position_error": 0.22992955148220062,
  "model_results": [
    0.08124609291553497,
    4.241164788254537e-05,
    7.70667611504905e-06,
    0.05015391856431961,
    1.0,
    1.0
  ]
}