{
  "se1": {
    "mean_x": 38.88765607215464,
    "std_x": 18.267696602183147,
    "mean_y": 44.60019414871931,
    "std_y": 20.477826140817378
  },
  "se2": {
    "mean_x": 50.294978669349184,
    "std_x": 16.629771040619623,
    "mean_y": 46.38785808644396,
    "std_y": 20.817948298584515
  },
  "se3": {
    "mean_x": 57.15551224180842,
    "std_x": 19.763978450680263,
    "mean_y": 67.68372594156573,
    "std_y": 20.575609333340765
  },
  "sea4": {
    "mean_x": 56.02814143558718,
    "std_x": 23.914612985503236,
    "mean_y": 62.526330408060325,
    "std_y": 6.4232000411657815
  },
  "sea5": {
    "mean_x": 51.72388339433514,
    "std_x": 24.222435261588835,
    "mean_y": 67.3343053723945,
    "std_y": 10.99730029517311
  },
  "seb4": {
    "mean_x": 54.64430202711497,
    "std_x": 22.63282309052793,
    "mean_y": 64.3994014310521,
    "std_y": 8.735107430576697
  },
  "sec4": {
    "mean_x": 54.0085650741856,
    "std_x": 25.2213309951227,
    "mean_y": 59.815493016543975,
    "std_y": 11.585879857764413
  },
  "sec5": {
    "mean_x": 44.04236706324986,
    "std_x": 21.53628417275605,
    "mean_y": 59.19580988202776,
    "std_y": 9.780106046072198
  }
}