{
  "se1": {
    "mean_x": 31.82122782657825,
    "std_x": 24.815760467522185,
    "mean_y": 69.32731216354296,
    "std_y": 32.71928694799737
  },
  "se2": {
    "mean_x": 32.75904771069342,
    "std_x": 24.078640953905282,
    "mean_y": 75.61777614189167,
    "std_y": 35.192508944452435
  },
  "se3": {
    "mean_x": 51.30743175293908,
    "std_x": 28.04487162268767,
    "mean_y": 40.2495209187565,
    "std_y": 35.03064859278809
  },
  "sea4": {
    "mean_x": 31.85148128473534,
    "std_x": 16.71495061872551,
    "mean_y": 18.38682660179318,
    "std_y": 12.50004495098189
  },
  "sea5": {
    "mean_x": 25.94027759403479,
    "std_x": 21.962976363489783,
    "mean_y": 11.599024281394286,
    "std_y": 17.966959856708876
  },
  "seb4": {
    "mean_x": 38.20620485094209,
    "std_x": 22.993898828448113,
    "mean_y": 4.389791895690935,
    "std_y": 8.646127686894813
  },
  "sec4": {
    "mean_x": 34.12062731221863,
    "std_x": 29.376724747020095,
    "mean_y": 10.160288128890468,
    "std_y": 8.767865966726164
  },
  "sec5": {
    "mean_x": 15.546664242339986,
    "std_x": 19.961299576815968,
    "mean_y": 3.8205073753637926,
    "std_y": 23.73237997573082
  }
}