{
  "building_accuracy": 98.10426540284361,
  "floor_accuracy": 99.0521327014218,
  "mean_position_error": 0.9139314889907837,
  "median_position_error": 0.9593155384063721,
  "model_results": [
    1.2883507013320923,
    0.22806258499622345,
    0.3082621097564697,
    0.5171923041343689,
    0.9810426831245422,
    0.9905213117599487
  ]
}