{
  "building_accuracy": 99.52606635071089,
  "floor_accuracy": 99.52606635071089,
  "mean_position_error": 0.8554589152336121,
  "median_position_error": 0.8342899680137634,
  "model_results": [
    1.3293768167495728,
    0.24562689661979675,
    0.3484908938407898,
    0.47135835886001587,
    0.9952606558799744,
    0.9952606558799744
  ]
}